﻿<?xml version="1.0" encoding="utf-8"?>
<AttributeSetCollection xmlns:xsd="http://www.w3.org/2001/XMLSchema" xmlns:xsi="http://www.w3.org/2001/XMLSchema-instance" Type="Body" Guid="f7fb87f9-15e8-48c6-83dd-dbb4785512c0" CurrentVersion="1.0.0.0" Etag="&quot;2da566f6-7389-4edd-b8fc-4fe8401ee7fb&quot;">
    <AttributeSetDefinition Uid="d5f9923b-4ebd-88e5-4827-ced8fa032a8d" Text="BuildingElementProxyCommon">
        <Attributes>
            <AttributeValue Uid="a74b62d6-6bdd-4526-8c25-7f3f771f692f" Ifnr="18222" Text="Reference" />
            <AttributeValue Uid="bf50f942-0720-46dc-a9e4-29972ff25e99" Ifnr="49" Text="Status" />
            <AttributeValue Uid="741dc9c6-22bf-461d-a357-49380f515615" Ifnr="618" Text="Außenbauteil" />
            <AttributeValue Uid="8f2fab67-8b8b-4e7d-be52-e6fb3c48af84" Ifnr="981" Text="U-Wert" />
            <AttributeValue Uid="3c9667ea-655e-42c4-9fd8-e2a6e5c181eb" Ifnr="573" Text="Tragendes Bauteil" />
            <AttributeValue Uid="ca505c51-56d3-44ec-bae4-d362e903a08a" Ifnr="935" Text="Feuerwiderstandsklasse" />
        </Attributes>
    </AttributeSetDefinition>
</AttributeSetCollection>