<?xml version="1.0" encoding="utf-8"?>
<NemetschekBIMStructureSettings Activated="1">
  <Files>
    <File ID="0001" State="3" Activated="1" />
    <File ID="0002" State="0" Activated="0" />
    <File ID="0003" State="0" Activated="0" />
    <File ID="0004" State="0" Activated="0" />
    <File ID="0005" State="0" Activated="0" />
    <File ID="0006" State="0" Activated="0" />
    <File ID="0007" State="0" Activated="0" />
    <File ID="0008" State="0" Activated="0" />
    <File ID="0009" State="0" Activated="0" />
    <File ID="0010" State="0" Activated="0" />
  </Files>
<SelectedNodes>
    <Project Name="KOC - 2022-2023" NodeID="9d03af6f-7383-4616-9723-35d64f6b2325" />
</SelectedNodes>
<IndeterminatelySelectedNodes>
</IndeterminatelySelectedNodes>
<ExpandedNodes>
</ExpandedNodes>
</NemetschekBIMStructureSettings>
