﻿<?xml version="1.0" encoding="utf-8"?>
<AttributeSetCollection xmlns:xsd="http://www.w3.org/2001/XMLSchema" xmlns:xsi="http://www.w3.org/2001/XMLSchema-instance" Type="Member" Guid="6867bff0-d608-4901-8feb-d573dcd115bb" CurrentVersion="1.0.0.0" Etag="&quot;2206498b-e41b-4783-9bf6-deb617772167&quot;">
    <AttributeSetDefinition Uid="e0dffee8-0115-4561-affd-618b82cd0930" Text="MemberCommon">
        <Attributes>
		    <AttributeValue Uid="a74b62d6-6bdd-4526-8c25-7f3f771f692f" Ifnr="18222" Text="Reference" />
            <AttributeValue Uid="bf50f942-0720-46dc-a9e4-29972ff25e99" Ifnr="49" Text="Status" />
            <AttributeValue Uid="2242dae2-092f-4e60-b0e1-18fa393262a7" Ifnr="1374" Text="Spannweite" />
            <AttributeValue Uid="e02459b5-a1f0-4fb5-953b-8666a2e93c46" Ifnr="909" Text="Neigung" />
            <AttributeValue Uid="09DA42F1-356E-48D7-841E-010742370C0B" Ifnr="1957" Text="Drehwinkel" />
            <AttributeValue Uid="741dc9c6-22bf-461d-a357-49380f515615" Ifnr="618" Text="Außenbauteil" />
            <AttributeValue Uid="8f2fab67-8b8b-4e7d-be52-e6fb3c48af84" Ifnr="981" Text="U-Wert" />
            <AttributeValue Uid="3c9667ea-655e-42c4-9fd8-e2a6e5c181eb" Ifnr="573" Text="Tragendes Bauteil" />
            <AttributeValue Uid="ca505c51-56d3-44ec-bae4-d362e903a08a" Ifnr="935" Text="Feuerwiderstandsklasse" />
        </Attributes>
    </AttributeSetDefinition>
</AttributeSetCollection>