<?xml version="1.0" encoding="utf-8"?>
<NemetschekBIMStructureSettings Activated="1">
  <Files>
    <File ID="0001" State="3" Activated="1" />
    <File ID="0002" State="2" Activated="1" />
    <File ID="0003" State="0" Activated="0" />
    <File ID="0004" State="0" Activated="0" />
    <File ID="0005" State="0" Activated="0" />
    <File ID="0006" State="0" Activated="0" />
    <File ID="0007" State="0" Activated="0" />
    <File ID="0008" State="0" Activated="0" />
    <File ID="0009" State="0" Activated="0" />
    <File ID="0010" State="0" Activated="0" />
  </Files>
<SelectedNodes>
    <Project Name="Peter Cyprich 3.A TIS - KOC." NodeID="2762a480-2e2c-475a-a6d7-ea65d0d131f9" />
</SelectedNodes>
<IndeterminatelySelectedNodes>
</IndeterminatelySelectedNodes>
<ExpandedNodes>
</ExpandedNodes>
</NemetschekBIMStructureSettings>
