﻿<?xml version="1.0" encoding="utf-8"?>
<NemetschekBuildingStructure xmlns:xsd="http://www.w3.org/2001/XMLSchema" xmlns:xsi="http://www.w3.org/2001/XMLSchema-instance" NodeID="8c123892-4450-44d3-accb-c4bead23f4c8" VersionID="325ADB67-B049-4781-A41A-877EADA7D218">
  <Files xmlns="http://tempuri.org/XMLSchema.xsd">
    <File ID="1" />
    <File ID="2" />
    <File ID="3" />
    <File ID="4" />
    <File ID="5" />
    <File ID="6" />
    <File ID="7" />
    <File ID="8" />
    <File ID="9" />
    <File ID="10" />
  </Files>
</NemetschekBuildingStructure>