<?xml version="1.0" encoding="utf-8"?>
<NemetschekBIMStructureSettings Activated="1">
  <Files>
    <File ID="0001" State="3" Activated="1" />
    <File ID="0002" State="0" Activated="0" />
    <File ID="0003" State="0" Activated="0" />
    <File ID="0004" State="0" Activated="0" />
    <File ID="0005" State="0" Activated="0" />
    <File ID="0006" State="0" Activated="0" />
    <File ID="0007" State="0" Activated="0" />
    <File ID="0008" State="0" Activated="0" />
    <File ID="0009" State="0" Activated="0" />
    <File ID="0010" State="0" Activated="0" />
  </Files>
<SelectedNodes>
    <Project Name="KOC - 2021-2022" NodeID="e6ebf4e4-d2e2-4e40-a13b-a14667140621" />
</SelectedNodes>
<IndeterminatelySelectedNodes>
</IndeterminatelySelectedNodes>
<ExpandedNodes>
</ExpandedNodes>
</NemetschekBIMStructureSettings>
