<?xml version="1.0" encoding="utf-8"?>
<NemetschekBIMStructureSettings Activated="1">
  <Files>
    <File ID="0001" State="3" Activated="1" />
    <File ID="0002" State="0" Activated="1" />
    <File ID="0003" State="0" Activated="1" />
    <File ID="0004" State="0" Activated="1" />
    <File ID="0005" State="0" Activated="1" />
    <File ID="0006" State="0" Activated="1" />
    <File ID="0007" State="0" Activated="1" />
    <File ID="0008" State="0" Activated="1" />
    <File ID="0009" State="0" Activated="1" />
    <File ID="0010" State="0" Activated="1" />
  </Files>
<SelectedNodes>
    <Project Name="IV.A TIS CDS Peter Cyprich" NodeID="90529c41-25bf-41f5-bac3-6c8719f4aa43" />
</SelectedNodes>
<IndeterminatelySelectedNodes>
</IndeterminatelySelectedNodes>
<ExpandedNodes>
</ExpandedNodes>
</NemetschekBIMStructureSettings>
