<?xml version="1.0" encoding="utf-8"?>
<NemetschekBIMStructureSettings Activated="1">
  <Files>
    <File ID="0001" State="3" Activated="1" />
    <File ID="0002" State="0" Activated="1" />
    <File ID="0003" State="0" Activated="1" />
    <File ID="0004" State="0" Activated="1" />
    <File ID="0005" State="0" Activated="1" />
    <File ID="0006" State="0" Activated="1" />
    <File ID="0007" State="0" Activated="1" />
    <File ID="0008" State="0" Activated="1" />
    <File ID="0009" State="0" Activated="1" />
    <File ID="0010" State="0" Activated="1" />
  </Files>
<SelectedNodes>
    <Project Name="Peter Cyprich 2.A TIS" NodeID="9f9221d3-0f52-4af8-8e4b-5d33a490c0fa" />
</SelectedNodes>
<IndeterminatelySelectedNodes>
</IndeterminatelySelectedNodes>
<ExpandedNodes>
</ExpandedNodes>
</NemetschekBIMStructureSettings>
