<?xml version="1.0" encoding="utf-8"?>
<NemetschekBIMStructureSettings Activated="1">
  <Files>
    <File ID="0001" State="3" Activated="1" />
    <File ID="0002" State="2" Activated="1" />
    <File ID="0003" State="0" Activated="0" />
    <File ID="0004" State="0" Activated="0" />
    <File ID="0005" State="0" Activated="0" />
    <File ID="0006" State="0" Activated="0" />
    <File ID="0007" State="0" Activated="0" />
    <File ID="0008" State="0" Activated="0" />
    <File ID="0010" State="0" Activated="0" />
  </Files>
<SelectedNodes>
    <Project Name="3.A KOC Bednárová Nataša 1" NodeID="4826ec13-d634-4d8a-92ce-1fa8da5c389d" />
</SelectedNodes>
<IndeterminatelySelectedNodes>
</IndeterminatelySelectedNodes>
<ExpandedNodes>
</ExpandedNodes>
</NemetschekBIMStructureSettings>
